loc,size,total_nodes
906,860,2050
1437,1175,3180
1718,1298,3867
1972,1428,4503
3133,2320,7736
3763,2715,9361
4296,3065,10397
4782,3510,11987
5127,3795,13270
5269,3912,13856
6249,4484,15621
6936,4947,16832
7298,5266,17633
7954,5705,18825
8690,6159,20500
9469,6656,21804
10078,7066,22861
10975,7568,24302
11502,7900,25331
11869,8167,26009
12349,8436,26773
12999,8910,28129
14023,9503,29796
14505,9787,30835
14960,10136,31875
15601,10537,33355
16216,11066,35096
17612,11968,39528
18397,12551,41828
19079,13107,43784
20353,13962,47643
21020,14522,49630
22011,15155,52935
22525,15637,54469
22877,15815,55072
23457,15935,55586
23693,16013,56254
23782,16052,56379
24262,16123,56587
25230,16674,58286
29068,18477,68022
31577,19735,74860
34114,20769,82252
36098,21577,88046
39536,22864,97010
41699,23635,102798
44386,24824,110093
46473,25769,116419
48298,26408,121599
50820,27258,128791
53015,28046,135581
56853,29323,145579
57859,29633,147139
58589,29952,148661
59181,30154,149780
59749,30370,151380
60332,30609,152475
61077,30880,154429
61796,31071,155447
62436,31275,156710
63181,31511,158112
63969,31787,159600
64386,31970,160423
65287,32260,162133
65771,32405,163352
66326,32581,164450
68153,33436,169862
70542,34288,177060
71504,34704,179714
72574,35052,182580
74470,35574,188097
75656,35948,191119
77272,36506,195786
78419,36948,198820
80144,37255,203660
81386,37667,207220
82716,38203,211022
83728,38927,213885
87815,40020,222503
89703,40705,227361
92398,41428,233625
94422,41846,237604
96959,42375,244258
99515,42823,249203
101769,43477,254666
106349,44566,265116
108340,45041,269746
111271,45607,275504
113978,46234,281155
114673,46593,283225
115421,46880,285134
116069,47110,286830
117242,47448,290075
117716,47668,291304
118390,47982,293022
119061,48300,294894
119767,48633,296532
120211,48850,297677
120524,49049,298480
120890,49275,299453
121607,49672,301117
122582,50138,303200
123038,50445,304436
123242,50572,304925
124208,51365,308097
124503,51577,309029
125773,51937,310203
126164,52195,310966
126563,52507,312349
126881,52737,313282
128552,53837,316523
129664,54392,318385
130485,54988,320175
130884,55217,320898
132020,55965,323165
132731,56505,324902
135505,57588,333243
137477,58823,339359
140628,61068,349446
142435,62199,354958
142910,62565,356356
143113,62702,356927
143340,62809,357353
143775,62872,357713
157406,63038,517973
158246,63547,519952
159741,64029,521876
161032,64680,525537
162294,65219,528012
162637,65430,528690
163370,65866,530358
164598,66468,533800
165337,66883,536155
166407,67373,540939
167638,67945,543203
168883,68550,545705
170274,69231,548419
171091,69714,551509
171965,70232,554813
172780,70759,557443
173362,71153,558917
174459,71863,561213
175313,72553,563284
176138,73044,565296
178192,74286,570663
178872,74712,572668
179221,74974,573666
179847,75409,575262
181172,76017,577854
182513,76634,580324
183204,77096,582570
183933,77656,584896
184231,77905,585756
184738,78350,587337
185050,78511,587848
185955,78980,590270
187186,79731,594669
188303,80620,598574
188998,81031,600283
190274,81819,603853
190868,82273,605765
191361,82639,606903
192427,83440,609998
192906,83751,611335
194195,84453,614434
194781,84453,614434
196242,84453,615608
197017,84538,616066
197559,84577,616598
198721,85199,619711
199655,85419,622219
200578,85549,624679
202434,86248,629338
204482,87547,638160
206727,88724,644231
208074,89253,647360
208820,89668,649507
209887,90239,652402
210453,90559,654046
211192,90900,656312
211964,91302,658048
214155,92830,663290
217327,94446,670288
219074,95275,673366
223675,98058,683430
225387,98676,686062
227391,99329,688820
231075,101068,696461
237357,103876,707689
241253,105973,715790
243332,106959,719497
245656,108098,723809
246454,108428,725746
247861,108820,728682
248940,108820,730907
249646,108825,732691
251153,109210,735943
252368,109583,737961
253120,109926,739571
253549,110070,740707
254051,110207,741940
254473,110355,743112
254726,110447,743911
255500,110572,745280
255859,110729,746273
256387,110962,747900
256907,111101,749531
258993,111610,752118
260557,112078,754145
263969,113104,758314
264715,113356,760135
266479,113966,764773
267370,114259,767013
268475,114603,769528
269111,114918,770864
269808,115429,772563
271569,116344,776538
272664,116856,778808
273236,117300,780927
274565,118174,784688
274880,118447,785652
275286,118725,786579
275676,118938,787387
276435,119346,788769
277240,119869,790674
277668,120084,791785
277981,120300,793142
278325,120486,793872
278778,120685,795764
279390,120939,797762
283252,122619,806872
289272,125749,820112
297955,128777,842449
308431,130880,867148
309343,131421,869741
309713,131720,870663
310000,131916,871358
310474,132230,872555
311046,132563,873922
312258,133238,876245
312935,133603,877319
313480,133857,878170
314401,134364,879608
315323,134832,881064
315941,135124,882169
316678,135634,884346
316810,135748,884686
317351,136144,886217
317930,136498,887790
318543,136821,889203
319569,137407,891484
320215,137819,893005
320776,138130,894312
321358,138454,895679
321958,138758,897110
322521,139055,898604
323816,139416,901932
324768,139705,904418
325633,140021,906590
326344,140375,908347
327171,140808,910218
329960,142024,915629
331960,142925,919573
332323,143125,920291
333342,143907,923285
335652,144970,929353
340615,146959,940615
345855,148783,950978
347319,149365,953937
348457,149996,957311
350613,151137,960815
352672,152164,964265
354214,153348,968553
355523,154030,971538
356199,154451,973213
356726,154684,974200
357258,155069,975674
358420,155798,978595
359233,156296,980800
359881,156610,982341
360598,156992,984040
361443,157386,986122
361779,157520,986661
362548,157931,988738
363768,158756,992590
364451,159149,994598
365394,159703,997481
366225,160187,999733
366957,160580,1001300
368508,161074,1003320
369557,161325,1004486
370582,161575,1005486
371249,161654,1005890
372402,161870,1007089
374582,162658,1010024
376671,163487,1013023
377646,163805,1014429
379986,164808,1018393
381215,165331,1020320
382396,165904,1022452
383565,166169,1023812
387370,166472,1025073
388754,166834,1026599
390201,167175,1028079
391127,167492,1029264
393324,168108,1032023
394717,168502,1033787
395826,168919,1035338
397449,169375,1037386
398531,169705,1038826
399260,169775,1039422
399928,169906,1039969
401150,170188,1041255
402411,170459,1042680
403227,170652,1043551
404049,170846,1044383
405384,171116,1045792
406344,171295,1046583
407228,171502,1047710
409314,172095,1049926
412123,172703,1052356
412910,172960,1053675
413481,173064,1054416
416144,173839,1057588
419201,174958,1062718
420664,175403,1064541
423806,176303,1068049
424973,176535,1069197
426314,176878,1070713
427743,177223,1072350
429407,177599,1074180
431302,177916,1076146
432526,178247,1077721
434226,178653,1079685
434614,178690,1079893
435046,178774,1080383
435901,179142,1082375
437944,180182,1087428
439590,180887,1091168
440872,181464,1094223
444510,183527,1103854
447081,184937,1110417
451125,187023,1120389
453804,188532,1128604
455689,189395,1132711
459666,191146,1142490
461119,191866,1145841
463421,192844,1151693
465340,193678,1156373
467093,194517,1160314
468889,195319,1164249
470008,195742,1166751
471759,196422,1170771
473691,197413,1175322
476325,198808,1182482
478368,199371,1188107
480810,200488,1193678
486140,202918,1207128
490134,204756,1216677
491779,205545,1220839
493785,206608,1225795
495503,207398,1229849
498191,208684,1236551
499395,209184,1239304
501441,210086,1244276
502189,210419,1245780
503635,211028,1249096
504608,211442,1250887
505899,212035,1254019
507460,212687,1257736
508639,213295,1260502
509517,213556,1262076
510176,213722,1263518
511019,214247,1265390
511631,214577,1266790
512475,215046,1268511
513258,215578,1270867
514497,216220,1275177
515006,216558,1276356
515355,216754,1277361
515560,216887,1277818
515829,217072,1278435
516660,217645,1280629
517887,218101,1282548
519110,218745,1287299
519231,218805,1287558
519302,218858,1287794
519481,218996,1288348
519587,219080,1288670
519701,219153,1289026
519825,219220,1289378
519920,219284,1289621
519962,219299,1289740
520035,219353,1289982
520084,219373,1290105
520152,219390,1290284
520254,219459,1290538
520336,219513,1290768
520432,219588,1291087
520489,219623,1291251
520599,219698,1291553
520653,219710,1291668
520717,219721,1291824
520790,219739,1292014
520855,219750,1292155
520936,219806,1292367
521029,219886,1292654
521128,219962,1292917
521720,220280,1293976
521777,220315,1294102
521852,220360,1294240
521990,220450,1294602
522114,220552,1294965
522187,220597,1295163
525236,222265,1303800
525548,222503,1304825
525648,222562,1305090
525948,222793,1305806
526108,222953,1306348
526523,223259,1307872
526553,223262,1307897
526576,223262,1307928
526626,223301,1308001
526673,223304,1308102
526693,223304,1308150
526716,223328,1308203
526770,223328,1308275
526800,223328,1308336
527459,223928,1310836
528906,224723,1314259
530041,225227,1316350
531700,225845,1318542
533161,226454,1320758
534542,227151,1323194
535522,227564,1325201
539192,229163,1335571
541626,230569,1342392
544637,231971,1350427
547669,233699,1359712
550706,235304,1368985
552847,236192,1374917
555559,237026,1381476
557069,237362,1384232
558402,237755,1386948
559419,238097,1389824
560454,238600,1392484
560796,238873,1393496
561029,238976,1394047
561250,239030,1394388
561398,239090,1394763
562092,239560,1396862
562862,240011,1398596
563599,240185,1399625
564135,240363,1400276
564728,240718,1401713
564834,240796,1402002
565108,240948,1402677
565345,240997,1403041
565630,241138,1403504
565972,241303,1404410
567027,241920,1408212
568223,242550,1411184
569148,242984,1412985
570522,243652,1416318
571332,244212,1418676
571557,244352,1419309
571977,244402,1419624
572373,244574,1420484
572888,244766,1421584
573407,245104,1422976
573607,245181,1423444
574632,245790,1426140
575676,246172,1428416
576503,246709,1430395
577470,247409,1432926
577964,247759,1434290
578487,248188,1435631
578982,248557,1437148
579479,248769,1438099
579641,248882,1438491
579866,248996,1439450
580030,249072,1439919
580178,249149,1440336
580301,249214,1440666
580505,249308,1441233
581084,249503,1443004
581473,249765,1443885
583029,250642,1448756
584927,251344,1453117
586381,252065,1457175
587088,252527,1459235
588226,252869,1462621
589678,253345,1466713
589917,253492,1467398
590701,254046,1469518
591295,254543,1471561
591820,254877,1473127
592149,254988,1473772
594428,255855,1477896
596332,256772,1483674
597136,257288,1485875
598006,257895,1487917
598837,258352,1490487
599439,258352,1490487
600263,258487,1491176
601402,258954,1492855
602369,259563,1495740
603590,260366,1499090
604734,260995,1502715
605945,261573,1506400
606831,262112,1509879
608483,263108,1513894
609168,263589,1516219
609736,264033,1518341
610236,264446,1520001
610982,265094,1522021
611162,265122,1522272
611307,265170,1522654
611434,265220,1522957
611834,265411,1524152
612258,265684,1525489
613127,266177,1528245
613831,266502,1530229
615085,266867,1533636
616573,267604,1538313
617881,268703,1542370
619801,270372,1549015
622286,272333,1556399
624442,274168,1563825
626855,275897,1572166
629063,277291,1580686
630259,278210,1585339
630873,278556,1586965
631645,279034,1589349
632058,279391,1591097
632693,279714,1593237
633661,279918,1596133
634288,280305,1598004
635337,281071,1601347
635689,281347,1602145
636000,281583,1602850
636311,281792,1603535
636662,282028,1604211
637041,282333,1605140
637248,282480,1605676
638137,283116,1607837
638804,283580,1609611
639658,284198,1611993
640329,284684,1614176
640874,285037,1615537
641416,285301,1616375
641765,285515,1616959
642458,285754,1617762
643607,286415,1619993
643923,286513,1620577
644579,286863,1622477
645786,287437,1625982
646587,287932,1627855
647060,288211,1628922
647489,288443,1629964
648455,289010,1632483
649133,289496,1634273
653200,291505,1649018
658973,294342,1669414
660208,295041,1673024
660775,295361,1674863
662026,296196,1679386
663727,297190,1683637
664428,297515,1685460
665227,297883,1687338
666469,298487,1690318
667456,298879,1692678
669766,300116,1698036
671544,300916,1701670
672874,301674,1704680
674922,303014,1710143
676726,303911,1713871
676998,303993,1714347
677156,304025,1714512
677291,304070,1714707
677631,304227,1715593
677857,304278,1715865
678114,304304,1716154
678457,304476,1717032
678884,304678,1718042
679033,304707,1718212
679250,304766,1718693
679492,304793,1718949
679647,304809,1719073
679856,304831,1719248
680203,304955,1720066
680482,304956,1720409
680762,305043,1720953
682004,305521,1723450
686542,305897,1736131
687565,306406,1738527
687894,306586,1739272
688399,306879,1740751
688867,307199,1742051
689395,307495,1743138
690173,307988,1745440
690811,308167,1747575
691307,308393,1748948
691986,308796,1750577
692338,308994,1751431
692484,309096,1751717
692892,309284,1752641
693885,309864,1755080
694164,310057,1755827
694662,310239,1756273
695035,310431,1756771
695917,310671,1757623
696477,310931,1758485
697234,311188,1759342
697523,311380,1759893
697843,311581,1760956
698755,312281,1763436
699744,312874,1766068
701536,313442,1768576
703854,314581,1774532
704533,315076,1776290
705367,315597,1778491
705707,315674,1779384
706097,315811,1780454
706424,315897,1781259
706760,315938,1782281
709114,316517,1785243
710286,316831,1786817
712408,317771,1790718
713220,318056,1793034
713944,318326,1795026
714746,318578,1797310
715504,318814,1799431
716205,319008,1801358
717776,319910,1804995
719998,321194,1810139
721260,322025,1813408
722543,322846,1816580
723721,323485,1819527
724702,324087,1821695
725565,324524,1824120
725714,324594,1824357
725810,324625,1824535
726490,324914,1826321
727838,325412,1829686
728621,325739,1831731
729755,326554,1835385
731054,327218,1837586
731661,327658,1839157
733387,328882,1846710
733906,329134,1848415
734112,329259,1849079
734417,329419,1849949
734587,329501,1850607
734899,329674,1851539
735638,330045,1853090
736059,330285,1854140
736946,330713,1855992
738930,331516,1859074
739665,331840,1860167
740373,332190,1861480
743710,333787,1870856
744940,334332,1874218
746810,335322,1879765
747244,335441,1880566
747838,335731,1882232
748211,335836,1882985
748538,336070,1883872
748621,336123,1884117
749981,336702,1886773
751237,337498,1890883
754870,339626,1906094
766687,341158,1950081
771705,342113,1969831
772081,342344,1970619
772664,342615,1971630
773286,342875,1973074
776902,343992,1985781
788243,344299,2030196
788814,344697,2031320
789619,345150,2033292
790316,345498,2034555
791395,346245,2036892
792093,346613,2038289
792644,346920,2039444
793277,347267,2040793
794378,347875,2043058
794916,348270,2044516
796331,349051,2047892
796768,349330,2049081
797486,349942,2051532
798322,350391,2053752
798858,350699,2054838
799719,350971,2056033
800753,351401,2059247
802085,352070,2063391
803988,353481,2069355
804688,353853,2071282
805291,354129,2072870
806471,354655,2075125
807623,355060,2076912
809082,355562,2079122
810291,355931,2080955
811984,356443,2083566
812674,356640,2084588
814418,357192,2087087
815701,357688,2089429
816338,357863,2090233
819039,359140,2096164
821579,359938,2103334
822750,360614,2106893
824053,361134,2110375
824799,361427,2112428
825647,361777,2114618
826844,362470,2117283
827744,362985,2119890
828728,363534,2122610
829002,363667,2123295
829322,363882,2124111
830332,364693,2127611
830804,364948,2128474
831904,365416,2130220
832887,366004,2133147
834060,366586,2136310
834874,366950,2137625
835963,367522,2140097
836379,367631,2140833
837738,368599,2144327
838537,369157,2146677
839757,370010,2150760
841063,370964,2155142
842602,371943,2160725
843982,373013,2165123
844331,373214,2165883
845275,373973,2169257
846128,374573,2171835
847211,375354,2174575
848552,376392,2177953
850060,377650,2182537
852062,379357,2189559
853606,380329,2193586
854709,381010,2196000
855635,381460,2198075
856589,381742,2202446
856924,381836,2203335
857221,381919,2203970
857541,381985,2204675
857833,382072,2205252
858118,382112,2205742
858386,382166,2206039
858665,382222,2206423
858928,382266,2206713
859200,382329,2207041
859486,382403,2207420
859749,382458,2207691
860015,382507,2207973
860288,382539,2208244
860553,382561,2208500
860844,382611,2208844
861257,382789,2209637
861589,382896,2210153
861882,382965,2210517
862688,383333,2212095
863305,383683,2213268
864119,384094,2214991
865978,385048,2219570
867982,386394,2226380
868753,386820,2228245
871036,388158,2234629
872291,388932,2238141
872837,389203,2239150
876663,390658,2247915
876976,390735,2248361
877266,390767,2248676
877576,390803,2249061
878457,391140,2251165
879633,391622,2254558
881943,392610,2261927
883873,393455,2268120
885818,394124,2274509
888201,395095,2282577
889847,395633,2287171
891356,396210,2293288
892419,396747,2296264
893865,397381,2300200
895736,398426,2306832
897637,399343,2312463
898758,399836,2315719
900188,400452,2319493
901876,401268,2324457
905087,402846,2335069
906542,403555,2339138
907303,403971,2341282
908245,404476,2343256
909157,404797,2344310
910180,405363,2347045
911228,405722,2350538
911722,406016,2351792
913591,407147,2356369
914211,407477,2357932
914877,407728,2358775
915301,407904,2359440
915537,407992,2359928
915601,408007,2360029
915644,408015,2360094
915777,408088,2360435
916132,408298,2361287
916773,408447,2362968
918852,408470,2363340
920097,408633,2382988
921410,408663,2442604
921706,408689,2449372
925231,409137,2456879
931015,411345,2474784
931337,411537,2476057
931901,411853,2477491
932824,412395,2480131
933883,412889,2482663
935859,413850,2487770
936717,414181,2489130
938067,414723,2491660
940291,415795,2495893
941408,416212,2497779
943373,417033,2501364
945013,417660,2504642
946126,418209,2507166
947392,419073,2511236
948298,419402,2513373
949172,419714,2515436
950791,420619,2520498
951569,421168,2522999
952444,421645,2525251
954451,422185,2532050
955271,422374,2535217
956101,422883,2538382
958145,423977,2543540
960497,424910,2547494
961838,425854,2552580
962772,426659,2556105
963856,427284,2558499
966934,428381,2564949
967618,428653,2566630
968441,429063,2568461
969019,429452,2569647
970967,430364,2573825
971651,430814,2575952
972171,431201,2577731
972567,431499,2578934
972879,431739,2579675
974020,432252,2583239
974955,432773,2586378
975414,433093,2587828
975801,433391,2588774
976374,433799,2590659
976969,434075,2591886
977771,434611,2593591
978844,435035,2595677
979355,435290,2597031
979973,435540,2597985
980991,436070,2600117
982436,436643,2602655
984418,437751,2609074
987041,438743,2618419
988406,439377,2622343
989835,440042,2625277
991217,440826,2628204
992018,441127,2629165
992804,441256,2629732
993262,441562,2630973
993703,441792,2632076
994482,442254,2634295
995159,442797,2636545
995808,443258,2638306
996179,443333,2639139
996624,443475,2640089
997432,444149,2642719
997871,444411,2643836
998119,444526,2644600
999401,445142,2648527
1000690,445713,2652282
1001870,446267,2656093
1003121,446750,2659762
1003851,446964,2661693
1004432,447258,2663051
1005136,447717,2664894
1005477,447856,2665686
1005735,447937,2666175
1006280,448203,2667413
1008201,448827,2671820
1008670,449047,2672875
1009936,449689,2675264
1011062,450269,2678006
1011347,450395,2678523
1011808,450680,2679727
1013162,451445,2682558
1014820,452674,2689458
1015773,453399,2692453
1016827,453962,2694869
1018916,454935,2699545
1019921,455400,2701580
1021235,456171,2705089
1021850,456481,2706623
1022247,456733,2707466
1022836,457128,2708868
1023398,457407,2710068
1024390,457956,2712477
1025354,458594,2715294
1026340,459274,2718502
1027099,459815,2721611
1027634,460271,2723582
1028078,460594,2724721
1028904,461143,2726775
1029884,461638,2728860
1030789,462346,2731539
1031817,463155,2734084
1032105,463325,2734764
1032273,463384,2735201
1032867,463728,2736538
1034473,464203,2738594
1036189,464667,2743269
1036758,465073,2744916
1038012,465665,2748796
1039577,466452,2752822
1040288,466861,2754844
1041960,467713,2759785
1043183,468227,2762567
1044085,468620,2765437
1044659,468785,2766938
1045614,468947,2768025
1045898,469011,2768678
1047370,469114,2770196
1049028,469283,2774691
1050202,469561,2778309
1051369,469810,2781653
1052265,469932,2783854
1053698,470192,2787644
1054490,470516,2789561
1055235,470806,2790506
1055651,470927,2790917
1055926,471041,2791231
1056673,471450,2792997
1057491,471872,2795307
1058645,472546,2798664
1059017,472748,2799570
1059965,473153,2801308
1062569,474470,2807178
1067266,475862,2816175
1068314,476353,2818435
1069824,477139,2822937
1073027,478758,2828955
1074733,479519,2831711
1077268,480381,2835825
1080105,481974,2841955
1082067,482852,2846019
1084218,483583,2849877
1087355,484745,2856189
1089378,485687,2861072
1090675,486317,2864451
1092252,487348,2868671
1097248,489289,2884612
1098519,489927,2888422
1101558,491015,2897973
1103398,492042,2903989
1104152,492342,2905872
1104986,492943,2907934
1106597,494051,2912262
1109247,495237,2919142
1110330,495994,2922592
1111742,496568,2925758
1117057,498253,2932760
1120912,500131,2941716
1125198,501636,2949242
1128475,503380,2955545
1129380,503903,2957505
1134103,507342,2974229
1134906,507676,2976477
1135278,507886,2977526
1136510,508756,2982080
1136865,508921,2983256
1136968,508953,2983510
1137169,509001,2984135
1138009,509495,2986243
1140715,510947,2995047
1142606,511754,3001003
1143447,512104,3002523
1144056,512331,3004019
1144304,512437,3004485
1144605,512583,3005149
1144869,512718,3005698
1145446,513011,3006772
1146943,513831,3009916
1148139,514524,3012507
1149749,515145,3015453
1150598,515202,3016852
1152001,515514,3018296
1152762,515766,3019911
1154971,516687,3023990
1155162,516707,3024281
1155301,516736,3024647
1155629,516819,3025447
1156064,516838,3025773
1156572,517055,3026786
1157043,517342,3027944
1157506,517662,3029208
1159115,518555,3033364
1160419,519056,3036841
1161287,519513,3038614
1162068,520007,3040552
1162642,520240,3041676
1164179,521085,3045014
1164821,521428,3046317
1164988,521492,3046539
1165220,521550,3046852
1165601,521693,3047633
1166087,521922,3048653
1167303,522531,3051448
1169627,523914,3058921
1170697,524448,3062280
1171302,524768,3064143
1171767,525007,3065156
1172704,525571,3066999
1172961,525688,3067451
1173353,525944,3068359
1174797,526779,3072811
1175332,527089,3074417
1175648,527196,3075141
1175983,527401,3076107
1177334,528229,3080028
1177664,528478,3081281
1179700,529711,3088940
1181455,530891,3094195
1182170,531247,3096292
1183037,531691,3098353
1183675,532142,3100386
1184319,532584,3101763
1184826,532959,3103056
1185203,533186,3103882
1185752,533603,3105235
1186125,533878,3106232
1186653,534178,3107706
1186797,534243,3108107
1187057,534268,3108499
1187465,534302,3109395
1188058,534302,3110702
1188426,534302,3111583
1188984,534302,3112882
1189356,534302,3113827
1189886,534302,3115253
1190235,534333,3116070
1190797,534379,3116676
1191615,534709,3117939
1192056,534919,3118778
1192786,535141,3120033
1193701,535705,3122757
1195340,536438,3127254
1195882,536671,3128519
1196206,536777,3129211
1197242,536795,3131059
1201545,536795,3139739
1205006,536795,3146739
1206396,536795,3150619
1207789,536795,3154049
1210717,536795,3159392
1212842,536795,3162639
1216225,536795,3169105
1218763,536795,3174590
1220181,536795,3176358
1222365,536795,3181271
1224784,536795,3186264
1227324,536795,3192656
1227909,536795,3194271
1230637,536795,3201109
1235516,536795,3217518
1236062,536795,3218902
1239490,536795,3229894
1240705,536795,3233916
1241556,536795,3235973
1242742,536795,3239123
1244057,536795,3242427
1246705,536795,3249618
1247686,536795,3252623
1249501,536795,3257320
1255197,536795,3263951
1260872,536795,3276034
1262896,536795,3279270
1265977,536795,3285521
1267110,536795,3290032
1271783,536795,3305272
1272065,536795,3306011
1273480,536795,3311121
1273764,536795,3312004
1273931,536795,3312505
1274094,536795,3312889
1274256,536795,3313486
1276729,536795,3321045
1278017,536795,3324946
1280388,536795,3331526
1280728,536795,3332309
1281219,536795,3333422
1281522,536795,3334052
1281836,536795,3334689
1282163,536795,3335126
1283542,536795,3338057
1284543,536795,3340544
1286573,536795,3344526
1286930,536795,3344829
1287956,536795,3346989
1289530,536795,3348228
1290242,536795,3349700
1292080,536795,3353309
1292267,536795,3353641
1292415,536795,3354047
1292988,536795,3354888
1293167,536795,3355012
1293815,536795,3356374
1294457,537147,3358395
1295373,537689,3361223
1295971,538013,3363073
1296608,538409,3365169
1297360,538781,3366911
1297966,539111,3368350
1298610,539307,3369288
1299419,539561,3370290
1300566,540044,3372187
1301601,540343,3373457
1301857,540417,3373765
1302095,540473,3374075
1302307,540519,3374352
1302647,540590,3374766
1303093,540657,3375318
1303496,540747,3375929
1304002,540853,3376781
1304285,540923,3377209
1304577,540989,3377699
1304932,541068,3378230
1305293,541185,3378808
1305741,541308,3379613
1306001,541392,3380122
1306280,541482,3380552
1306805,541656,3381527
1307097,541787,3382102
1307352,541850,3382480
1307616,541913,3382902
1307868,541989,3383324
1308230,542124,3384080
1308588,542177,3384459
1308807,542258,3384804
1309111,542407,3385448
1309378,542489,3385917
1309581,542570,3386311
1309918,542664,3387063
1310247,542824,3387751
1310793,543066,3388823
1311135,543208,3389421
1311422,543273,3389874
1311805,543422,3390534
1312014,543516,3390981
1312196,543578,3391366
1312529,543689,3392101
1312759,543718,3392486
1312936,543776,3392831
1313145,543836,3393281
1313394,543862,3393713
1313644,543905,3394278
1314004,544004,3395000
1314225,544037,3395405
1314600,544252,3396274
1315727,544813,3399050
1316006,544914,3399685
1317015,545483,3401972
1317303,545636,3402601
1317681,545827,3403511
1317990,546036,3404259
1318803,546504,3406717
1319696,546953,3408959
1320219,547210,3410286
1320767,547558,3411721
1320953,547697,3412239
1321169,547859,3412933
1321332,547963,3413466
1322092,548181,3415217
1322489,548481,3416510
1323047,548785,3417717
1324138,549198,3419713
1324676,549504,3421140
1325074,549718,3421974
1325755,550159,3423637
1326014,550366,3424193
1326520,550722,3425226
1327064,551171,3426764
1327603,551630,3428270
1327862,551664,3428539
1328074,551748,3429010
1328447,551969,3430100
1329205,552365,3431982
1329765,552772,3433304
1330534,553372,3435369
1331082,553691,3436918
1331763,554208,3438495
1332501,554739,3440331
1335041,556376,3447531
1336441,557242,3452094
1338770,558823,3459962
1339781,559447,3463022
1340260,559778,3464631
1340582,559985,3465432
1341205,560377,3467313
1342795,561165,3471007
1343127,561320,3471667
1344378,561891,3473902
1345545,562541,3476151
1346181,562921,3477653
1347094,563530,3481641
1348094,564259,3485294
1348890,564765,3487791
1349519,565075,3489511
1350039,565380,3491014
1350361,565579,3491870
1352104,566318,3494409
1352464,566509,3495176
1352657,566596,3495580
1352840,566658,3495982
1353042,566721,3496452
1353274,566787,3497045
1353493,566853,3497587
1353717,566931,3498189
1353995,567039,3498966
1354232,567103,3499572
1354392,567150,3499883
1354600,567205,3500376
1354845,567278,3501005
1355040,567348,3501459
1355285,567490,3502114
1355502,567600,3502665
1355892,567670,3503537
1356054,567721,3503858
1356218,567758,3504192
1356413,567851,3504652
1356628,567951,3505194
1356887,568121,3505913
1357133,568242,3506616
1357322,568325,3507063
1357583,568434,3507800
1357779,568501,3508278
1358003,568592,3508861
1358187,568643,3509264
1358370,568688,3509671
1358511,568722,3509914
1358661,568765,3510199
1359211,568973,3511477
1359771,569332,3512749
1360256,569668,3513822
1360493,569721,3514404
1360701,569794,3514862
1360861,569856,3515171
1361021,569922,3515449
1361184,569994,3515771
1361368,570057,3516168
1361592,570170,3516666
1361845,570255,3517356
1362234,570343,3518604
1362428,570414,3519022
1362550,570465,3519184
1362686,570541,3519402
1363287,571021,3520599
1363468,571092,3520952
1363680,571200,3521423
1363856,571309,3521738
1364046,571417,3522053
1364184,571482,3522244
1364354,571554,3522598
1364558,571612,3523067
1365173,572144,3524988
1365350,572243,3525366
1365507,572314,3525671
1365657,572390,3525954
1365812,572454,3526234
1366230,572593,3527567
1366465,572727,3528033
1366681,572793,3528519
1366904,572896,3528962
1367060,572956,3529235
1367181,572989,3529389
1367323,573037,3529598
1367484,573093,3529900
1367650,573160,3530236
1367920,573235,3530936
1368121,573288,3531390
1368324,573352,3531823
1368615,573487,3532517
1368788,573565,3532854
1368939,573636,3533107
1369102,573710,3533425
1369270,573785,3533760
1369416,573836,3534012
1369681,573923,3534708
1369873,574000,3535124
1370027,574077,3535394
1370211,574149,3535780
1370466,574226,3536417
1370639,574271,3536762
1370832,574356,3537155
1371029,574422,3537600
1371253,574486,3538127
1371449,574558,3538513
1371695,574667,3539092
1372026,574811,3539905
1372283,574887,3540561
1373189,575593,3542606
1373635,575695,3544027
1373776,575750,3544264
1373986,575832,3544770
1374157,575898,3545108
1374302,575962,3545358
1374517,576069,3545800
1374718,576139,3546221
1374982,576210,3546911
1375244,576299,3547565
1375430,576352,3547975
1375597,576410,3548311
1375767,576484,3548636
1376275,576600,3549792
1376732,576902,3550999
1377228,577180,3552196
1378725,577743,3555275
1380077,578271,3558034
1380348,578291,3558455
1380727,578384,3558989
1381861,579034,3562576
1382306,579210,3563311
1382971,579407,3564213
1383672,579825,3566204
1384151,580193,3567874
1384701,580653,3569880
1385115,580914,3571268
1385408,581002,3572337
1385546,581052,3572704
1385693,581102,3573099
1385851,581161,3573585
1386027,581215,3574178
1386154,581254,3574493
1386266,581301,3574763
1386402,581358,3575193
1386539,581441,3575629
1386680,581505,3575991
1387604,581909,3578769
1388677,582265,3581905
1389768,582686,3584985
1390015,582837,3585640
1390593,583058,3587478
1391452,583478,3589831
1392134,583763,3591437
1393331,584571,3594313
1393711,584766,3595302
1395337,585551,3600241
1396889,586400,3604722
1397631,586768,3606510
1398267,587085,3608306
1398479,587128,3608571
1398590,587146,3608797
1399091,587310,3610015
1399612,587434,3611238
1400620,588023,3613906
1401959,588680,3617540
1402434,588945,3618585
1403172,589323,3620183
1403754,589696,3621951
1404749,590122,3624323
1405891,590582,3627731
1407153,591040,3631495
1407973,591349,3633915
1409415,591992,3638014
1409768,592159,3638578
1410154,592260,3639117
1410763,592348,3640256
1411117,592405,3640577
1411660,592504,3641603
1412750,592889,3643730
1413121,592918,3644152
1413507,592975,3645188
1413686,593033,3645587
1413854,593089,3645948
1414026,593146,3646322
1414172,593185,3646705
1414346,593256,3647126
1415191,593407,3649601
1415704,593606,3650770
1416302,593906,3652176
1416917,594185,3653621
1417424,594439,3654767
1418340,594725,3657238
1419502,594991,3660300
1419760,595133,3660961
1419975,595222,3661484
1420149,595273,3661827
1420336,595366,3662311
1420614,595530,3663092
1421048,595713,3664263
1421827,596048,3666892
1422569,596475,3669212
1422933,596696,3670373
1423213,596852,3671060
1424048,597421,3673053
1425205,598160,3676267
1425982,598529,3678876
1426256,598666,3679530
1426847,598825,3680521
1427363,599121,3681727
1427551,599218,3682065
1429322,600351,3686486
1429770,600621,3687597
1431851,601674,3692321
1433279,602561,3695760
1435590,602990,3701505
1438310,604650,3709055
1440484,605577,3713715
1440880,605682,3714726
1441680,605682,3715509
1442363,605725,3715757
1443602,606547,3719194
1444844,607174,3721816
1445610,607659,3724422
1446554,608131,3727041
1446812,608332,3727706
1447165,608608,3728554
1447540,608754,3729248
1447782,608826,3729591
1448128,608955,3730838
1448599,609022,3731873
1449246,609045,3734139
1449555,609214,3735028
1450379,609627,3737430
1451073,610010,3739494
1451824,610421,3741761
1451997,610519,3742356
1452312,610713,3743216
1452681,610924,3744015
1453211,611164,3745369
1453843,611796,3748160
1454522,612082,3749615
1455253,612451,3751225
1456195,613038,3753712
1457401,613741,3757303
1458079,613914,3758602
1459853,614271,3760491
1461782,614830,3762846
1464101,615671,3766087
1467395,616764,3770313
1468689,617462,3773196
1469610,617878,3775272
1470889,618435,3778144
1471563,618741,3779706
1472434,619186,3781566
1473750,619683,3784279
1474184,619971,3785282
1474528,620162,3786368
1484941,624431,3819729
1486361,624917,3822203
1488426,625978,3826224
1489469,626456,3828291
1490652,626839,3830245
1491531,627298,3832940
1492193,627728,3835167
1493130,627850,3838094
1493567,628033,3838615
1493971,628163,3839189
1494359,628312,3839698
1495057,628534,3840671
1495705,628795,3841878
1496232,629028,3842781
1496836,629245,3843962
1497690,629396,3845628
1498447,629501,3847343
1498999,629798,3848744
1499429,630066,3849776
1499842,630353,3850963
1500602,630918,3853920
1501226,631158,3855014
1502081,631317,3856219
1503006,632039,3859060
1504014,632557,3861834
1505115,633000,3865082
1505829,633405,3866975
1506776,633915,3869342
1507671,634180,3870628
1509873,635025,3874947
1510725,635336,3876124
1513942,636472,3884281
1517357,637853,3892313
1517875,638137,3893723
1518655,638664,3895683
1519523,639312,3898380
1520161,639721,3900355
1521124,640306,3902904
1521823,640728,3904709
1522513,641094,3906351
1523263,641534,3909247
1524968,642418,3915470
1527160,643443,3923306
1527665,643620,3924866
1527713,643666,3925050
1528480,644041,3927443
1529893,644667,3932383
1531395,645341,3937054
1532258,645928,3939825
1532547,646141,3940561
1533048,646469,3941923
1533884,647148,3944735
1534532,647518,3946571
1535476,648074,3948971
1535841,648230,3949848
1536500,648639,3951548
1537073,648980,3952956
1537501,649260,3953813
1537767,649393,3954309
1538497,649769,3955645
1538822,649903,3956165
1539359,650163,3957307
1540367,650724,3960035
1541264,651151,3962525
1542599,651843,3966561
1543295,652493,3969208
1543979,653033,3971720
1544674,653497,3973666
1546019,654079,3977670
1546785,654402,3980442
1549538,655036,3987173
1550216,655378,3988412
1550900,655709,3989902
1551145,655856,3990570
1551836,656192,3992291
1553459,657058,3996240
1554449,657700,3998748
1555093,658247,4001209
1555616,658745,4002947
1556282,659065,4004733
1557183,659451,4006885
1557824,659879,4008597
1558482,660147,4009856
1558745,660196,4010127
1559472,660425,4011874
1559769,660499,4013131
1559945,660559,4013663
1560154,660641,4014321
1560309,660715,4014751
1560514,660829,4015280
1561368,661037,4018501
1561713,661246,4019208
1562728,661847,4021639
1563594,662037,4023896
1564504,662553,4026963
1569583,664228,4046623
1569946,664448,4047798
1570608,664621,4049956
1571071,664797,4051306
1571287,664903,4051793
1571619,665084,4052618
1572991,665672,4056540
1574188,666230,4060256
1575128,666729,4063320
1575917,666912,4065942
1576751,667323,4068511
1577232,667523,4069682
1577559,667637,4070447
1577993,667759,4071572
1578559,667892,4072985
1579107,668011,4074410
1579823,668166,4076386
1580519,668272,4078219
1581209,668474,4080060
1581833,668873,4081530
1582554,669297,4083325
1582900,669452,4084236
1583418,669787,4085636
1583647,669927,4086229
1583874,670055,4086917
1584079,670154,4087530
1584307,670252,4088175
1584530,670350,4088833
1584720,670467,4089348
1585001,670584,4090033
1585183,670674,4090524
1585547,670879,4091545
1585995,671077,4092784
1586488,671303,4094259
1586731,671416,4094878
1587045,671557,4095730
1587571,671803,4097199
1588329,672377,4100085
1589258,673071,4103343
1589646,673318,4104769
1590257,673694,4106728
1590714,673984,4108284
1591352,674381,4110307
1591662,674600,4111360
1592046,674899,4112738
1592459,675166,4114014
1593224,675559,4115899
1593731,675867,4117612
1594309,676111,4119415
1595034,676553,4121807
1595619,676890,4123734
1596153,677238,4125252
1596665,677545,4126581
1597687,678108,4129631
1598390,678649,4137538
1599912,679499,4141846
1600960,679994,4145180
1601833,680124,4147479
1602755,680507,4149591
1604751,681330,4152823
1606725,682235,4157992
1608009,682865,4161077
1608307,683009,4161887
1608612,683231,4162777
1609314,683738,4164549
1609793,684023,4165794
1610132,684310,4167028
1610692,684696,4168698
1611183,684970,4169945
1612193,685362,4172217
1612857,685757,4174398
1613610,686409,4177086
1614632,686887,4179230
1615170,687224,4180723
1615766,687629,4182476
1617393,688094,4186519
1619317,688542,4191176
1619894,688835,4192676
1620559,689204,4194244
1621081,689499,4195680
1621825,689769,4197062
1623239,690167,4199133
1624099,690430,4200871
1624775,690752,4202322
1625392,691159,4203792
1625846,691406,4204831
1626266,691654,4205896
1627218,692163,4208235
1627887,692414,4209565
1628283,692542,4210307
1628605,692639,4210977
1629033,692825,4211994
1629446,692976,4212891
1629887,693104,4213829
1630180,693192,4214308
1630559,693317,4215026
1630887,693415,4215623
1631562,693636,4217287
1632118,693779,4218534
1632567,693922,4219581
1632991,694078,4220403
1633388,694251,4221124
1633698,694356,4221647
1634210,694507,4222739
1634651,694659,4223634
1634992,694774,4224239
1635342,694881,4224889
1635840,695022,4225828
1636255,695156,4226689
1636647,695263,4227482
1636967,695364,4228077
1637294,695507,4228644
1637590,695610,4229130
1638076,695757,4230142
1638753,695930,4231541
1639563,696112,4232627
1640400,696314,4233611
1641167,696455,4234662
1641555,696574,4235113
1641898,696678,4235491
1642408,696837,4236246
1643388,697076,4238215
1643836,697226,4238769
1644461,697508,4240063
1645304,697862,4242187
1646097,698137,4243748
1646696,698328,4244915
1647651,698664,4247378
1648409,698901,4248915
1649103,699122,4250409
1649838,699358,4251950
1650583,699554,4253392
1651409,699835,4254955
1651873,699895,4255379
1652325,700054,4256220
1652939,700242,4257344
1653744,700539,4259206
1654545,700769,4260744
1655025,700895,4261438
1655434,700961,4262052
1655963,701152,4262925
1656375,701201,4263479
1656860,701380,4264227
1657420,701544,4264901
1657878,701628,4265524
1658638,701919,4267248
1659275,702155,4268786
1659869,702345,4270022
1660338,702516,4270769
1660913,702727,4271953
1661314,702885,4272539
1661950,703135,4273913
1662682,703401,4275532
1663475,703669,4277165
1664056,703836,4278030
1664788,704057,4279561
1666145,704500,4282875
1666964,704715,4284707
1667366,704930,4285652
1667773,705132,4286603
1668221,705369,4287717
1668709,705538,4288820
1669198,705718,4289754
1669664,705956,4290652
1670004,706026,4291118
1670346,706068,4291505
1670688,706117,4291949
1671568,706339,4293194
1671998,706567,4294066
1672651,706862,4295257
1673140,707047,4295997
1673426,707058,4296230
1673730,707124,4296579
1673978,707155,4296904
1674207,707163,4297204
1674416,707163,4297369
1674694,707171,4297689
1674976,707191,4298065
1675266,707213,4298484
1675957,707483,4300039
1676338,707607,4300763
1677016,707908,4302546
1677525,708146,4303871
1677896,708274,4304752
1678157,708376,4305240
1678355,708386,4305488
1679134,708617,4307440
1679581,708931,4308768
1680084,709196,4310120
1680492,709247,4310941
1680791,709279,4311385
1681273,709368,4312397
1681514,709393,4312679
1681738,709404,4312935
1681968,709404,4313195
1682296,709443,4313681
1682594,709487,4314146
1682963,709618,4314940
1683818,709981,4316661
1684719,710446,4318886
1685256,710654,4319821
1685695,710770,4320642
1686163,710902,4321686
1686672,711044,4322495
1687192,711183,4323376
1687532,711203,4323674
1688095,711437,4324896
1688720,711729,4326474
1690686,712538,4331235
1691021,712749,4332143
1691472,713038,4333440
1691859,713307,4334502
1692200,713502,4335450
1692577,713715,4336364
1693213,714194,4338500
1693519,714367,4339286
1693838,714546,4340182
1694200,714704,4341236
1694332,714715,4341380
1694530,714776,4341794
1694721,714825,4342132
1694893,714843,4342414
1695084,714888,4342792
1695277,714923,4343189
1695442,714949,4343465
1695687,715037,4344028
1696119,715229,4345283
1696421,715313,4346037
1696741,715449,4346814
1697715,715835,4350155
1698351,716198,4351658
1698499,716217,4351835
1699021,716410,4352831
1699334,716445,4353089
1699799,716667,4354250
1700403,716993,4355632
1701025,717110,4357110
1701380,717228,4357643
1701824,717399,4358452
1702314,717561,4359431
1703014,717714,4360722
1704260,718075,4363662
1704737,718303,4364650
1705809,718802,4367106
1706451,718930,4368185
1706976,719095,4369182
1707817,719308,4371092
1708337,719449,4372259
1708869,719579,4373499
1709340,719696,4374371
1709987,719872,4375712
1711287,720281,4379177
1711808,720549,4380382
1712279,720738,4381301
1712844,720878,4382114
1713467,720996,4382970
1714231,721244,4384602
1714989,721367,4386305
1715446,721437,4387389
1716036,721548,4388584
1716689,721675,4389787
1717315,721787,4390928
1718289,721957,4393309
1719097,722222,4395254
1719508,722413,4396036
1719754,722504,4396489
1719989,722569,4396878
1720395,722731,4397580
1721312,723243,4399499
1721698,723522,4400405
1722206,723760,4401609
1722621,724058,4402726
1723162,724289,4403869
1723645,724451,4404927
1724093,724529,4405674
1724681,724743,4406738
1725249,724982,4407970
1725599,725094,4408686
1725753,725101,4408972
1725901,725101,4409258
1726563,725245,4410667
1727707,725505,4413256
1728132,725658,4414160
1728848,725962,4415716
1729269,726173,4416601
1729774,726443,4417567
1730371,726728,4418851
1731087,726894,4420413
1731734,727093,4422145
1732097,727176,4422871
1732573,727304,4424016
1733009,727423,4425054
1733413,727555,4425979
1733745,727650,4426603
1734031,727697,4427096
1734447,727821,4428047
1734798,727925,4428712
1735131,728029,4429387
1735515,728148,4430336
1735986,728309,4431458
1736598,728464,4433102
1736944,728601,4433879
1737325,728687,4434640
1737653,728721,4435271
1738119,728875,4436592
1738456,728966,4437055
1738857,729032,4437830
1740097,729404,4440863
1740333,729468,4441242
1740573,729484,4441641
1740912,729583,4442234
1741343,729802,4443172
1741555,729935,4443582
1741786,730055,4444046
1743360,730469,4447771
1744123,730578,4449335
1745205,730816,4451595
1745706,730974,4452457
1746319,731196,4453326
1747253,731514,4454685
1747769,731815,4455905
1748420,732190,4457268
1748805,732436,4458132
1749908,732826,4459955
1750569,732948,4461176
1751182,733077,4462376
1751664,733153,4463276
1752185,733263,4464265
1752745,733401,4465362
1753177,733515,4466091
1753689,733612,4466931
1753883,733651,4467301
1754152,733732,4467831
1754439,733802,4468437
1754688,733890,4469135
1754859,733923,4469474
1755057,733975,4469861
1755241,733990,4470217
1755484,734047,4470774
1755672,734072,4471097
1755862,734105,4471430
1756302,734191,4472002
1757130,734463,4473773
1757794,734782,4475290
1758193,734930,4476138
1758335,734961,4476464
1758865,735117,4477396
1759287,735323,4478193
1759615,735494,4478788
1759975,735705,4479458
1760291,735889,4480073
1760723,736035,4480879
1760899,736037,4481165
1761075,736037,4481451
1761251,736048,4481737
1761427,736050,4482023
1761603,736052,4482309
1761779,736054,4482595
1761955,736054,4482881
1762131,736054,4483167
1762307,736054,4483453
1762483,736056,4483739
1762659,736058,4484025
1763047,736136,4484768
1763711,736484,4486078
1764173,736685,4487010
1764647,736850,4487944
1765097,736980,4488722
1765611,737201,4489754
1766406,737388,4491361
1767197,737745,4493274
1767893,738156,4495043
1768571,738445,4496765
1768898,738533,4497430
1769022,738533,4497540
1769263,738639,4498062
1769893,738902,4499395
1770338,739101,4500430
1770978,739390,4501948
1771303,739539,4502528
1771940,739917,4504055
1772328,740170,4504964
1773133,740690,4507079
1773576,740858,4508246
1774072,741056,4509013
1774802,741333,4510436
1775244,741484,4511254
1775726,741649,4512479
1776030,741685,4512890
1776289,741737,4513329
1776758,741904,4514363
1777171,742040,4515111
1777862,742249,4516336
1778456,742445,4517630
1778814,742610,4518553
1779197,742749,4519622
1779375,742856,4520245
1779597,742990,4521023
1780133,743438,4523315
1780529,743686,4524689
1781051,743978,4526275
1782526,744709,4530175
1783340,745190,4533125
1784405,745750,4537263
1785452,746311,4540797
1786486,746888,4544064
1787263,747295,4546632
1788121,747818,4549516
1788543,748073,4551008
1789899,748740,4556450
1790713,749142,4559042
1791991,749785,4563637
1792768,750229,4566260
1793100,750432,4567451
1793482,750583,4568500
1793994,750832,4570141
1794462,751046,4571342
1794729,751189,4572048
1795122,751363,4573115
1795812,751675,4575276
1796033,751868,4576253
1796890,752295,4579094
1797558,752530,4580978
1798112,752815,4582668
1798453,752946,4583718
1799172,753305,4586289
1799800,753592,4588659
1800458,753886,4590737
1801633,754002,4594831
1802041,754185,4596034
1802271,754310,4596794
1802933,754602,4598848
1803889,755058,4601940
1804393,755306,4603504
1804724,755436,4604380
1805307,755661,4605908
1805887,755947,4607816
1806645,756358,4610562
1807335,756684,4612947
1807665,756821,4613914
1808302,757188,4616828
1808926,757542,4619501
1809419,757822,4621195
1809753,758058,4622836
1810087,758221,4623822
1810363,758382,4624909
1811353,758812,4628082
1811948,759113,4630021
1812800,759635,4632854
1813288,759939,4634525
1813929,760293,4636640
1814965,760757,4640445
1815580,761037,4642645
1816076,761310,4644652
1816624,761556,4646395
1816874,761708,4647414
1817419,762014,4649010
1818161,762401,4651180
1818787,762728,4653078
1819520,763023,4655247
1820370,763554,4657606
1821073,763819,4658806
1822110,764203,4661183
1822769,764750,4663580
1823037,764882,4664106
1823488,765099,4665246
1823770,765206,4665789
1824183,765468,4666827
1824551,765664,4667553
1824886,765838,4668294
1825176,766026,4668878
1825468,766171,4669409
1825936,766472,4670631
1826643,766729,4672209
1827420,767108,4674310
1828341,767539,4676915
1828843,767827,4677927
1829459,768194,4679130
1829970,768552,4680455
1830297,768746,4681437
1830851,769146,4683300
1832130,770009,4687292
1833156,770623,4690439
1834037,771099,4692829
1834562,771357,4694330
1835027,771585,4695357
1835490,771744,4696428
1835653,771850,4696932
1835921,771973,4697670
1836323,772161,4698754
1836575,772254,4699199
1836783,772264,4699392
1836984,772312,4699715
1837089,772380,4700032
1837290,772461,4700467
1837479,772495,4700843
1837725,772505,4701020
1837892,772525,4701344
1837987,772525,4701534
1838124,772542,4701868
1838267,772561,4702162
1838734,772578,4702455
1838942,772625,4702885
1839128,772695,4703336
1839606,772695,4703614
1839810,772697,4704025
1839961,772752,4704349
1840220,772752,4704579
1840391,772764,4704730
1840493,772799,4704951
1840760,772811,4705152
1840891,772842,4705459
1841039,772961,4705928
1841225,773000,4706189
1841511,773089,4706782
1841661,773138,4707159
1842386,773350,4709235
1842523,773380,4709559
1842686,773434,4710049
1843055,773458,4711025
1843225,773468,4711393
1843427,773470,4711692
1843610,773472,4711847
1843751,773479,4712231
1843941,773507,4712773
1845795,774512,4718363
1847396,775116,4722776
1849027,775873,4727919
1849627,776163,4729459
1849887,776347,4730291
1850293,776661,4731298
1851173,777199,4733601
1851622,777463,4734783
1851898,777640,4735448
1852279,777839,4736353
1852936,778274,4738426
1854785,779114,4743068
1855378,779585,4745254
1855840,779900,4746711
1856684,780442,4750094
1857320,780776,4752522
1857840,781119,4753868
1858545,781412,4756056
1859487,781902,4757995
1860173,782282,4759418
1860754,782557,4760690
1861343,782810,4761755
1862339,783215,4763900
1863017,783620,4765711
1863507,783941,4767203
1864526,784530,4770052
1866332,785545,4773969
1867677,786308,4777783
1869428,787465,4784972
1870186,787786,4786616
1871392,788310,4788826
1871806,788402,4789446
1872350,788648,4790505
1872769,788933,4791792
1873101,789175,4792784
1874696,790129,4797061
1875432,790414,4798864
1876366,790769,4800671
1876938,791087,4801735
1877165,791171,4802127
1878011,791398,4803400
1878928,791617,4804914
1880008,792076,4806841
1881114,792310,4808550
1882133,792635,4810541
1882796,792843,4811563
1883289,793041,4812584
1883901,793347,4814553
1884413,793606,4816331
1885010,794002,4818194
1885440,794255,4819449
1885902,794453,4820798
1886424,794642,4822422
1886968,794820,4824172
1887425,794997,4825691
1887975,795170,4827483
1888600,795370,4829630
1889125,795608,4831268
1889589,795793,4832679
1890129,796106,4834420
1890674,796300,4836321
1891156,796498,4837941
1891703,796685,4839844
1892227,796877,4841547
1892768,797020,4843307
1893292,797222,4845034
1893721,797399,4846402
1894310,797769,4848223
1894876,798041,4850194
1895371,798250,4851764
1895743,798488,4852918
1896059,798643,4853733
1897299,799332,4857095
1898395,799954,4860363
1898950,800323,4861798
1900702,801381,4866666
1901431,801719,4869625
1901878,801957,4871377
1902701,802432,4873832
1903780,803086,4876829
1906024,804436,4882985
1907124,805142,4887343
1908887,806104,4893731
1910050,806529,4897288
1910872,806941,4898985
1911277,807164,4900111
1911684,807483,4901319
1912167,807835,4902577
1912376,807855,4902804
1912515,807906,4903204
1912873,808165,4904809
1913948,809005,4909143
1914515,809324,4910263
1914692,809428,4910766
1915123,809664,4911888
1916124,810199,4913804
1916829,810443,4914823
1917422,810684,4915784
1918125,810954,4917136
1919236,811463,4919393
1919871,811754,4920741
1920412,812049,4922491
1920851,812293,4923809
1922086,812930,4928641
1922959,813318,4931083
1923646,813697,4932532
1924730,814196,4935400
1926593,814811,4938160
1927789,815359,4940145
1930063,816440,4945563
1931054,817158,4948325
1931771,817593,4950033
1933655,818484,4954155
1934583,818842,4956226
1935150,819042,4957016
1935408,819139,4957402
1935679,819347,4958427
1935948,819506,4959237
1935992,819506,4959259
1936918,819757,4960864
1937819,820158,4963246
1938373,820399,4964270
1938994,820688,4965651
1939258,820779,4966045
1939387,820819,4966138
1939677,820952,4966916
1939897,820958,4967050
1940754,821575,4970453
1942298,822668,4976368
1943017,822925,4977867
1943710,823290,4979312
1944570,823741,4981581
1945055,824140,4983038
1945891,824700,4985197
1947615,825763,4990262
1947833,825878,4990731
1948140,826089,4991456
1948821,826523,4993065
1949397,826845,4994300
1952686,828435,5004115
1953899,829022,5008257
1955018,829555,5012085
1955934,829934,5013599
1956415,830258,5015333
1957848,830941,5018509
1960773,832518,5030029
1961850,833525,5034510
1964396,835417,5045763
1965123,836040,5048600
1965395,836272,5049693
1965643,836566,5050828
1965874,836777,5051800
1966471,837330,5054200
1966910,837793,5056017
1967317,837992,5056784
1967582,838034,5057170
1967734,838041,5057395
1968944,838537,5060204
1971177,839660,5066429
1973242,840625,5071200
1973937,840925,5073098
1974427,841247,5074531
1975674,841869,5078060
1976174,842186,5079105
1976650,842352,5080070
1976919,842441,5080663
1977399,842537,5081679
1977656,842551,5082247
1978068,842613,5083149
1978326,842613,5083691
1978742,842678,5084653
1979065,842701,5085333
1979461,842758,5086293
1979824,842947,5087139
1980218,843057,5088000
1980720,843292,5089299
1981151,843439,5090450
1981603,843485,5091416
1981984,843532,5092365
1982370,843562,5093400
1982771,843656,5094336
1983282,843823,5095522
1983966,843895,5097335
1986886,845697,5105292
1988059,846203,5107429
1989591,846743,5109565
1990125,846983,5110478
1992023,848021,5115115
1994551,849103,5121895
1996148,849103,5126891
1996734,849120,5128500
1997431,849120,5130102
1998874,849136,5132756
2000194,849192,5134677
2001475,849243,5136426
2002737,849285,5138651
2004152,849368,5140681
2004945,849386,5141947
2006098,849527,5143943
2007591,849658,5146374
2008960,849856,5148907
2009644,849857,5149797
2012279,849914,5156062
2014783,850167,5162969
2016274,850191,5167324
2017652,850277,5171260
2018940,850425,5173313
2019561,850766,5174731
2021645,851764,5179263
2022954,852291,5182287
2024018,852654,5185010
2025553,853021,5189235
2026392,853247,5191593
2026790,853271,5192398
2027009,853271,5192555
2027158,853362,5192986
2027260,853412,5193196
2027520,853456,5193509
2027637,853477,5193684
2029615,854295,5198958
2030972,855142,5203067
2032698,855753,5206909
2033159,856030,5208046
2033929,856625,5211092
2034264,856837,5211955
2035279,857200,5213224
2035885,857435,5213975
2037699,858064,5216530
2039355,858779,5219160
2040153,859400,5221510
2040719,859753,5223405
2042827,861427,5229636
2043242,861678,5230832
2043615,861933,5232056
2044089,862142,5233230
2045299,862917,5236232
2046066,863270,5238036
2046555,863481,5239090
2047073,863696,5240452
2047559,863929,5241719
2048040,864127,5242802
2048692,864443,5244525
2049369,864736,5246103
2050000,865004,5247831
2050607,865245,5249299
2051347,865551,5251108
2051936,865788,5252571
2052375,865953,5253642
2052857,866103,5254712
2053415,866245,5256075
2053907,866418,5257245
2054507,866561,5258662
2054888,866689,5259500
2055384,866776,5260422
2055775,866904,5261312
2056286,867053,5262483
2056804,867213,5263598
2057341,867583,5265020
2058049,868039,5266820
2060046,869055,5271656
2061139,869529,5274257
2061533,869701,5275180
2061800,869907,5275920
2062443,870180,5277196
2062885,870420,5278143
2063411,870592,5279356
2064132,871062,5282358
2064298,871244,5283015
2064680,871485,5284205
2065110,871784,5285306
2065777,872133,5286751
2066053,872289,5287441
2066645,872650,5289788
2066977,872851,5290511
2067617,873189,5291950
2068796,873652,5294113
2069582,874088,5295959
2071966,875813,5306089
2072241,875994,5306895
2072837,876410,5308450
2073429,876701,5309706
2074525,877305,5312313
2075041,877501,5313356
2075841,877839,5316118
2076697,878171,5319199
2077982,878927,5322899
2078801,879335,5325183
2079307,879530,5326083
2079433,879604,5326365
2079658,879735,5326933
2079828,879877,5327451
2080053,880090,5328496
2080223,880243,5329192
2080862,880606,5330653
2081954,881117,5332804
2082700,881530,5334954
2083806,882085,5337157
2084212,882352,5338128
2084625,882666,5339309
2085549,883228,5342026
2086493,883652,5350755
2087093,883928,5354414
2087837,884186,5360307
2088810,884700,5364349
2089773,884880,5370472
2090110,884947,5372164
2090638,885015,5375215
2091138,885239,5376754
2091323,885252,5376903
2091742,885412,5377567
2093110,886523,5385149
2094028,887431,5389662
2094601,888027,5392277
2096252,888907,5400031
2096991,889780,5404332
2097657,890481,5408324
2098907,891045,5415182
2099362,891220,5415985
2100621,891809,5418256
2101119,892020,5419075
2101584,892197,5419746
2101878,892321,5420286
2102090,892453,5420774
2102595,892782,5422086
2103469,893293,5424552
2104135,893627,5426111
2104571,893979,5427754
2105059,894273,5428935
2106606,895068,5432562
2111276,897254,5441419
2111714,897399,5442485
2115026,898855,5453286
2115592,899194,5454774
2116056,899517,5455997
2116556,899795,5457132
2117631,900529,5459892
2118293,900857,5461396
2118851,901065,5462577
2121153,902747,5474229
2123040,904011,5481648
2123584,904331,5483271
2123761,904429,5483651
2123989,904622,5484567
2124136,904712,5485292
2125778,905808,5492034
2125961,905824,5492235
2126087,905839,5492385
2126232,905841,5492988
2126659,905929,5495057
2130771,907189,5520510
2131003,907192,5520735
2131110,907192,5521004
2131371,907192,5522264
2132738,907215,5531077
2133534,907675,5532987
2134993,908547,5536744
2135120,908631,5537092
2135421,908762,5537592
2136070,909074,5538740
2137070,909523,5540671
2137323,909606,5541043
2137596,909672,5541661
2137817,909751,5542238
2137956,909803,5542610
2138117,909853,5543024
2138940,910309,5544732
2139860,910823,5547551
2140856,911354,5550712
2141535,911693,5552334
2142607,912311,5555333
2143015,912488,5556268
2144340,912500,5559779
2145413,912512,5562727
2146373,912512,5565932
2147089,912668,5568020
2147510,912720,5569121
2148080,913029,5570647
2148649,913203,5572789
2149181,913269,5574285
2149980,913281,5575077
2150630,913300,5575302
2152588,914419,5580259
2153258,914745,5581986
2153458,914807,5582527
2153627,914841,5582919
2153974,914942,5583754
2154605,915381,5585681
2155722,915811,5587880
2156739,916406,5590708
2157979,916518,5593361
2158639,916541,5595618
2160272,916741,5599072
2163147,916950,5604916
2168187,917090,5613283
2169736,917198,5616231
2171481,917514,5620686
2174103,918003,5624755
2175048,918380,5626681
2177581,919054,5630771
2180070,920022,5635711
2183028,921016,5641672
2184705,921357,5644876
2186888,921626,5649534
2190932,922791,5656122
2194564,923421,5661471
2195961,923935,5664039
2196699,924178,5665703
2199564,924811,5672521
2200991,925175,5676536
2202655,925880,5681449
2207239,927152,5692980
2213691,928873,5716064
2214676,929116,5719422
2218286,930067,5731781
2221587,930937,5740829
2224195,931743,5747743
2230826,934173,5760796
2235011,935284,5768597
2237874,936272,5773701
2240293,937042,5777762
2241467,937405,5781465
2245269,938914,5795171
2249558,940095,5809206
2250369,940508,5811427
2253807,941668,5822746
2256532,942617,5831466
2258488,943268,5837959
2260444,943632,5844871
2260589,943654,5845270
2260702,943658,5845523
2260936,943704,5846513
2261362,943785,5847925
2261415,943803,5848086
2261563,943841,5848619
2261679,943864,5849071
2263431,944335,5852520
2264411,944664,5854179
2265970,945613,5859432
2266621,945927,5861111
2267543,946203,5862545
2267999,946300,5863414
2268822,946630,5864961
2269463,946809,5866441
2269699,946845,5866794
2270336,946979,5867828
2270749,947052,5868582
2270990,947120,5868942
2271501,947267,5869583
2273035,947676,5873167
2273691,947890,5874578
2274600,948257,5876720
2275228,948494,5877852
2277183,949279,5881782
2279447,949925,5886695
2280292,950028,5891271
2281873,950129,5900424
2283551,950229,5910247
2284319,950328,5914251
2284997,950415,5917662
2285825,950511,5921984
2287132,950609,5929375
2288899,950706,5939699
2291087,950802,5952798
2292766,950895,5962529
2293197,950992,5964433
2294686,951480,5966488
2296167,951650,5969749
2296501,951650,5970087
2296824,951704,5971151
2298562,952398,5976150
2299081,952538,5977530
2301232,953564,5981949
2302550,953783,5984970
2302746,953814,5985354
2302850,953826,5985639
2303195,953843,5986203
2303912,953952,5987781
2304417,954106,5989165
2305274,954275,5990137
2305799,954597,5991557
2306948,955148,5995775
2309717,956246,6001326
2311720,957366,6006065
2312469,957801,6008205
2317317,959385,6016386
2324650,962530,6032106
2326481,963156,6035043
2330312,964429,6041220
2331936,965116,6044053
2333065,965708,6046324
2335547,967019,6052294
2340834,969450,6064253
2351730,973512,6081790
2355079,975071,6088192
2359441,976950,6097532
2364194,978180,6104349
2366196,979131,6108621
2373576,981916,6124128
2375874,982986,6128616
2379229,984485,6135089
2381068,985251,6138515
2381712,985579,6140115
2383342,986529,6144139
2385411,987530,6149226
2387796,988663,6154763
2390675,989953,6160395
2393654,991311,6166544
2395538,992316,6170769
2397954,993476,6176347
2399074,993615,6177060
2402458,994644,6181675
2405325,996113,6187958
2408253,998010,6196525
2411123,999459,6203367
2413755,1000382,6209327
2415531,1000990,6213103
2417931,1001617,6218143
2421012,1002849,6223159
